country,percent_under_5m,total_pop,total_under_5m,total_10cm,total_20cm,total_30cm,total_40cm,total_50cm,total_60cm,total_70cm,total_80cm,total_90cm,total_100cm,total_110cm,total_120cm,total_130cm,total_140cm,total_150cm,total_160cm,total_170cm,total_180cm,total_190cm,total_200cm
Aruba,7.069166545,101669.0,7187.15093463605,143.743018692721,287.486037385442,431.2290560781629,574.972074770884,718.7150934636052,862.4581121563258,1006.2011308490468,1149.944149541768,1293.687168234489,1437.4301869272101,1581.1732056199314,1724.9162243126516,1868.6592430053727,2012.4022616980935,2156.145280390815,2299.888299083536,2443.631317776257,2587.374336468978,2731.117355161699,2874.8603738544202
Angola,1.436094368,23356246.0,335417.7333822253,6708.354667644506,13416.709335289012,20125.064002933515,26833.418670578023,33541.77333822253,40250.12800586703,46958.482673511535,53666.837341156046,60375.192008800535,67083.54667644505,73791.90134408957,80500.25601173406,87208.61067937857,93916.96534702307,100625.32001466758,107333.67468231208,114042.02934995655,120750.38401760107,127458.73868524561,134167.0933528901
Albania,7.070960686,2913021.0,205978.56968492406,4119.571393698481,8239.142787396962,12358.714181095444,16478.285574793925,20597.856968492408,24717.428362190887,28836.99975588937,32956.57114958785,37076.14254328633,41195.713936984816,45315.2853306833,49434.856724381774,53554.428118080265,57673.99951177872,61793.570905477216,65913.1422991757,70032.71369287418,74152.28508657268,78271.85648027115,82391.42787396963
United Arab Emirates,14.784636477000001,8549988.0,1264084.644627123,25281.692892542455,50563.38578508492,75845.07867762737,101126.77157016985,126408.46446271226,151690.15735525475,176971.85024779718,202253.5431403397,227535.23603288212,252816.92892542452,278098.6218179671,303380.3147105095,328662.007603052,353943.70049559436,379225.3933881369,404507.0862806793,429788.77917322173,455070.47206576425,480352.1649583067,505633.8578508492
Argentina,3.028912698,40788453.0,1235446.632234762,24708.93264469524,49417.86528939048,74126.79793408571,98835.73057878096,123544.6632234762,148253.59586817145,172962.52851286664,197671.46115756192,222380.39380225714,247089.3264469524,271798.2590916477,296507.19173634285,321216.12438103807,345925.0570257333,370633.9896704285,395342.92231512384,420051.854959819,444760.7876045143,469469.7202492096,494178.6528939048
American Samoa,3.271014103,56079.0,1834.35199882137,36.6870399764274,73.3740799528548,110.06111992928221,146.7481599057096,183.435199882137,220.12223985856443,256.8092798349918,293.4963198114192,330.18335978784665,366.870399764274,403.5574397407015,440.24447971712885,476.9315196935562,513.6185596699836,550.305599646411,586.9926396228384,623.6796795992658,660.3667195756933,697.0537595521207,733.740799528548
Antigua and Barbuda,11.829548498,88028.0,10413.31495181944,208.26629903638883,416.53259807277766,624.7988971091662,833.0651961455551,1041.3314951819439,1249.5977942183324,1457.8640932547214,1666.1303922911102,1874.3966913274992,2082.6629903638877,2290.929289400277,2499.195588436665,2707.461887473054,2915.728186509443,3123.994485545832,3332.2607845822204,3540.527083618609,3748.7933826549984,3957.0596816913867,4165.3259807277755
Australia,4.516620755,22031750.0,995090.5931897124,19901.81186379425,39803.6237275885,59705.43559138273,79607.247455177,99509.05931897122,119410.87118276546,139312.68304655972,159214.494910354,179116.30677414825,199018.11863794245,218919.9305017368,238821.7423655309,258723.55422932524,278625.36609311943,298527.1779569137,318428.989820708,338330.80168450216,358232.6135482965,378134.4254120907,398036.2372758849
Belgium,11.166894347000001,10895586.0,1216698.5771065236,24333.971542130468,48667.943084260936,73001.91462639143,97335.88616852187,121669.85771065234,146003.82925278286,170337.8007949133,194671.77233704375,219005.74387917426,243339.7154213047,267673.6869634352,292007.6585055657,316341.6300476961,340675.6015898266,365009.573131957,389343.5446740876,413677.51621621795,438011.4877583485,462345.459300479,486679.4308426094
Benin,11.851449459000001,9199259.0,1090245.530987509,21804.910619750182,43609.821239500365,65414.73185925054,87219.64247900073,109024.55309875091,130829.46371850108,152634.37433825125,174439.28495800146,196244.1955777516,218049.10619750182,239854.01681725204,261658.92743700216,283463.83805675234,305268.7486765025,327073.6592962527,348878.5699160029,370683.48053575313,392488.3911555032,414293.30177525344,436098.21239500365
Bangladesh,8.916143359,147575430.0,13158036.901460692,263160.73802921386,526321.4760584277,789482.2140876416,1052642.9521168554,1315803.6901460693,1578964.4281752831,1842125.166204497,2105285.904233711,2368446.6422629245,2631607.3802921386,2894768.1183213526,3157928.8563505663,3421089.59437978,3684250.332408994,3947411.070438208,4210571.808467422,4473732.546496635,4736893.284525849,5000054.0225550635,5263214.760584277
Bulgaria,0.735205043,7395599.0,54372.81680805757,1087.4563361611515,2174.912672322303,3262.3690084834548,4349.825344644606,5437.281680805758,6524.7380169669095,7612.194353128059,8699.650689289212,9787.107025450363,10874.563361611516,11962.019697772666,13049.476033933815,14136.932370094968,15224.38870625612,16311.845042417268,17399.301378578424,18486.757714739568,19574.214050900726,20661.67038706188,21749.12672322303
Bahrain,34.281653244,1240860.0,425387.3224434984,8507.746448869968,17015.492897739936,25523.239346609902,34030.98579547987,42538.73224434984,51046.478693219804,59554.225142089774,68061.97159095974,76569.71803982969,85077.46448869968,93585.21093756963,102092.95738643961,110600.70383530957,119108.45028417953,127616.1967330495,136123.9431819195,144631.68963078942,153139.43607965938,161647.18252852935,170154.92897739937
"Bahamas, The",20.284972574,354942.0,71999.88735360709,1439.997747072142,2879.995494144284,4319.993241216425,5759.990988288568,7199.988735360709,8639.98648243285,10079.984229504991,11519.981976577135,12959.979723649274,14399.977470721418,15839.975217793562,17279.9729648657,18719.970711937844,20159.968459009982,21599.966206082125,23039.963953154267,24479.96170022641,25919.95944729855,27359.957194370694,28799.95494144284
Bosnia and Herzegovina,0.111713853,3705472.0,4139.52554303616,82.7905108607232,165.5810217214464,248.3715325821696,331.1620434428928,413.952554303616,496.7430651643392,579.5335760250624,662.3240868857856,745.1145977465088,827.905108607232,910.6956194679553,993.4861303286784,1076.2766411894015,1159.0671520501248,1241.857662910848,1324.6481737715712,1407.4386846322946,1490.2291954930176,1573.0197063537412,1655.8102172144645
Belize,20.532004548,322464.0,66208.32314566271,1324.1664629132542,2648.3329258265085,3972.4993887397627,5296.665851653017,6620.832314566272,7944.998777479525,9269.165240392778,10593.331703306034,11917.498166219288,13241.664629132543,14565.8310920458,15889.99755495905,17214.164017872306,18538.33048078556,19862.49694369881,21186.663406612068,22510.82986952532,23834.996332438575,25159.162795351833,26483.329258265087
Bermuda,11.864267092,65124.0,7726.48530099408,154.5297060198816,309.0594120397632,463.58911805964476,618.1188240795262,772.6485300994079,927.1782361192895,1081.7079421391709,1236.2376481590527,1390.7673541789347,1545.2970601988159,1699.8267662186975,1854.356472238579,2008.8861782584606,2163.4158842783418,2317.945590298224,2472.475296318105,2627.005002337987,2781.5347083578695,2936.0644143777504,3090.5941203976317
Brazil,2.558210374,195713635.0,5006766.513902495,100135.33027804988,200270.66055609976,300405.99083414965,400541.3211121996,500676.65139024955,600811.9816682993,700947.3119463492,801082.642224399,901217.9725024492,1001353.3027804991,1101488.6330585491,1201623.9633365986,1301759.2936146487,1401894.6238926984,1502029.9541707484,1602165.2844487985,1702300.6147268482,1802435.9450048981,1902571.275282948,2002706.6055609982
Barbados,0.705708771,282131.0,1991.02321271001,39.8204642542002,79.6409285084004,119.4613927626006,159.2818570168008,199.10232127100102,238.9227855252012,278.74324977940137,318.5637140336016,358.38417828780183,398.20464254200203,438.0251067962023,477.8455710504024,517.6660353046027,557.4864995588027,597.306963813003,637.1274280672033,676.9478923214034,716.7683565756034,756.5888208298038,796.4092850840041
Canada,2.221496304,34004889.0,755417.3523143027,15108.347046286051,30216.694092572103,45325.04113885816,60433.388185144206,75541.73523143027,90650.08227771633,105758.42932400237,120866.7763702884,135975.12341657447,151083.4704628605,166191.81750914658,181300.16455543265,196408.51160171867,211516.85864800468,226625.20569429078,241733.5527405768,256841.8997868629,271950.2468331489,287058.593879435,302166.940925721
Chile,0.367832974,17062536.0,62761.63360862064,1255.2326721724128,2510.4653443448256,3765.698016517238,5020.930688689651,6276.163360862064,7531.396033034476,8786.628705206887,10041.861377379302,11297.094049551712,12552.326721724128,13807.559393896541,15062.792066068952,16318.024738241365,17573.25741041378,18828.49008258619,20083.722754758604,21338.955426931014,22594.188099103427,23849.420771275843,25104.653443448256
China,6.553332482,1337705000.0,87664256.2783381,1753285.1255667622,3506570.2511335243,5259855.376700286,7013140.502267049,8766425.627833813,10519710.753400572,12272995.878967335,14026281.004534096,15779566.130100856,17532851.255667627,19286136.381234385,21039421.506801143,22792706.63236791,24545991.75793467,26299276.88350143,28052562.009068195,29805847.134634957,31559132.260201715,33312417.38576848,35065702.51133525
Cote d'Ivoire,3.764942457,20532950.0,773053.7522245814,15461.075044491628,30922.150088983257,46383.22513347488,61844.300177966514,77305.37522245814,92766.45026694976,108227.52531144141,123688.60035593304,139149.67540042466,154610.75044491628,170071.82548940793,185532.90053389952,200993.9755783912,216455.05062288282,231916.12566737446,247377.20071186605,262838.27575635765,278299.3508008493,293760.4258453409,309221.50088983256
Cameroon,0.456646277,20341241.0,92887.51972209758,1857.7503944419518,3715.500788883903,5573.251183325854,7431.001577767806,9288.75197220976,11146.502366651708,13004.25276109366,14862.003155535613,16719.753549977566,18577.50394441952,20435.254338861472,22293.004733303416,24150.75512774537,26008.50552218732,27866.255916629278,29724.006311071225,31581.756705513173,33439.50709995513,35297.25749439708,37155.00788883904
Colombia,1.224929591,45222700.0,553946.2341491571,11078.924682983139,22157.849365966278,33236.77404894942,44315.698731932556,55394.623414915695,66473.54809789883,77552.47278088196,88631.39746386511,99710.32214684824,110789.2468298314,121868.17151281454,132947.09619579767,144026.0208787808,155104.94556176392,166183.87024474712,177262.79492773023,188341.7196107133,199420.64429369647,210499.56897667964,221578.4936596628
Comoros,0.723851157,689692.0,4992.3435217364395,99.8468704347288,199.6937408694576,299.54061130418637,399.3874817389152,499.234352173644,599.0812226083727,698.9280930431014,798.7749634778302,898.621833912559,998.468704347288,1098.3155747820172,1198.1624452167455,1298.0093156514745,1397.8561860862028,1497.7030565209318,1597.5499269556603,1697.396797390389,1797.243667825118,1897.090538259847,1996.937408694576
Costa Rica,0.361702216,4577378.0,16556.47766069648,331.1295532139296,662.2591064278593,993.3886596417888,1324.5182128557185,1655.6477660696482,1986.7773192835773,2317.9068724975077,2649.036425711437,2980.1659789253663,3311.2955321392965,3642.4250853532258,3973.554638567155,4304.684191781085,4635.813744995015,4966.943298208944,5298.072851422874,5629.202404636803,5960.331957850733,6291.461511064663,6622.591064278593
Cuba,2.907142218,11225832.0,326350.90139375377,6527.018027875076,13054.036055750152,19581.054083625226,26108.072111500303,32635.090139375377,39162.10816725045,45689.126195125515,52216.144223000614,58743.16225087568,65270.18027875076,71797.19830662584,78324.2163345009,84851.23436237598,91378.25239025103,97905.27041812614,104432.28844600118,110959.30647387626,117486.32450175135,124013.34252962645,130540.36055750152
Cayman Islands,12.072328935,56672.0,6841.6302540432,136.832605080864,273.665210161728,410.497815242592,547.330420323456,684.16302540432,820.9956304851838,957.828235566048,1094.660840646912,1231.4934457277761,1368.32605080864,1505.1586558895044,1641.991260970368,1778.823866051232,1915.656471132096,2052.4890762129603,2189.321681293824,2326.154286374688,2462.9868914555523,2599.819496536416,2736.65210161728
Cyprus,5.63504184,1112612.0,62696.151716860804,1253.9230343372162,2507.8460686744324,3761.769103011648,5015.692137348865,6269.6151716860795,7523.538206023296,8777.461240360512,10031.38427469773,11285.307309034944,12539.230343372159,13793.15337770938,15047.076412046592,16300.999446383808,17554.922480721023,18808.84551505824,20062.76854939546,21316.691583732667,22570.614618069892,23824.53765240711,25078.460686744318
Germany,4.043249379,81776930.0,3306445.2143902644,66128.90428780529,132257.80857561054,198386.71286341586,264515.61715122114,330644.52143902646,396773.4257268317,462902.33001463703,529031.2343024423,595160.1385902476,661289.0428780529,727417.9471658581,793546.8514536634,859675.7557414687,925804.6600292741,991933.5643170793,1058062.4686048846,1124191.37289269,1190320.2771804952,1256449.1814683005,1322578.0857561058
Djibouti,12.352045083,840198.0,103781.63574646434,2075.632714929287,4151.265429858574,6226.8981447878605,8302.530859717148,10378.163574646434,12453.796289575721,14529.429004505006,16605.061719434296,18680.69443436358,20756.32714929287,22831.959864222157,24907.592579151442,26983.225294080734,29058.858009010015,31134.490723939303,33210.12343886859,35285.75615379787,37361.38886872716,39437.02158365645,41512.65429858574
Dominica,0.98172487,70878.0,695.8269533586,13.916539067172,27.833078134344,41.749617201515996,55.666156268688,69.58269533586001,83.49923440303199,97.41577347020399,111.332312537376,125.248851604548,139.16539067172002,153.08192973889203,166.99846880606398,180.91500787323602,194.83154694040797,208.74808600757999,222.664625074752,236.581164141924,250.497703209096,264.414242276268,278.33078134344004
Denmark,16.338236604000002,5547683.0,906393.5745798856,18127.87149159771,36255.74298319542,54383.614474793125,72511.48596639084,90639.35745798856,108767.22894958624,126895.10044118394,145022.9719327817,163150.8434243794,181278.71491597712,199406.5864075748,217534.4578991725,235662.32939077023,253790.20088236788,271918.07237396564,290045.9438655634,308173.81535716105,326301.6868487588,344429.55834035645,362557.42983195424
Dominican Republic,1.230040795,9695121.0,119253.94342461195,2385.0788684922395,4770.157736984479,7155.236605476717,9540.315473968958,11925.394342461197,14310.473210953434,16695.552079445668,19080.63094793792,21465.709816430157,23850.788684922398,26235.867553414635,28620.94642190687,31006.025290399117,33391.104158891336,35776.18302738359,38161.26189587583,40546.34076436806,42931.419632860314,45316.49850135255,47701.57736984479
Algeria,0.757500587,35977455.0,272529.4328126609,5450.588656253218,10901.177312506436,16351.765968759652,21802.354625012867,27252.94328126609,32703.531937519303,38154.12059377252,43604.709250025735,49055.297906278945,54505.88656253218,59956.4752187854,65407.063875038606,70857.65253129182,76308.24118754503,81758.82984379826,87209.41850005147,92660.00715630471,98110.59581255789,103561.18446881113,109011.77312506436
Ecuador,5.190229742,15011117.0,779111.459140418,15582.22918280836,31164.45836561672,46746.68754842508,62328.91673123344,77911.1459140418,93493.37509685016,109075.60427965851,124657.83346246688,140240.06264527526,155822.2918280836,171404.52101089194,186986.7501937003,202568.97937650868,218151.20855931702,233733.4377421254,249315.66692493376,264897.8961077421,280480.1252905505,296062.3544733589,311644.5836561672
Eritrea,0.767548828,3170435.0,24334.636685001802,486.692733700036,973.385467400072,1460.0782011001081,1946.770934800144,2433.46366850018,2920.1564022002162,3406.8491359002514,3893.541869600288,4380.234603300323,4866.92733700036,5353.620070700396,5840.3128044004325,6327.005538100468,6813.698271800503,7300.39100550054,7787.083739200576,8273.776472900608,8760.469206600646,9247.161940300684,9733.85467400072
Spain,4.376614966,46576897.0,2038491.444800405,40769.8288960081,81539.65779201621,122309.48668802429,163079.31558403242,203849.1444800405,244618.97337604858,285388.8022720567,326158.63116806484,366928.4600640729,407698.288960081,448468.1178560892,489237.94675209717,530007.7756481053,570777.6045441134,611547.4334401215,652317.2623361297,693087.0912321375,733856.9201281458,774626.7490241539,815396.577920162
Estonia,2.9064758810000004,1331475.0,38698.99973654476,773.9799947308951,1547.9599894617902,2321.9399841926847,3095.9199789235804,3869.8999736544756,4643.87996838537,5417.859963116265,6191.839957847161,6965.819952578056,7739.799947308951,8513.779942039848,9287.75993677074,10061.739931501636,10835.719926232528,11609.699920963427,12383.679915694322,13157.659910425215,13931.639905156111,14705.619899887008,15479.599894617902
Finland,1.864564778,5363352.0,100003.17231215855,2000.063446243171,4000.126892486342,6000.190338729513,8000.253784972684,10000.317231215855,12000.380677459028,14000.444123702195,16000.507569945368,18000.57101618854,20000.634462431717,22000.697908674883,24000.761354918053,26000.824801161227,28000.888247404393,30000.951693647563,32001.015139890736,34001.0785861339,36001.14203237708,38001.20547862025,40001.268924863434
Fiji,4.892924565,859818.0,42070.2461362917,841.404922725834,1682.809845451668,2524.2147681775023,3365.619690903336,4207.024613629171,5048.4295363550045,5889.834459080837,6731.239381806672,7572.644304532506,8414.049227258341,9255.454149984176,10096.859072710009,10938.263995435844,11779.668918161675,12621.07384088751,13462.478763613344,14303.883686339175,15145.288609065012,15986.693531790846,16828.098454516683
France,2.892155592,65027507.0,1880696.6800386915,37613.933600773824,75227.86720154765,112841.80080232148,150455.7344030953,188069.66800386913,225683.60160464296,263297.53520541673,300911.4688061906,338525.4024069644,376139.33600773825,413753.2696085121,451367.2032092859,488981.13681005966,526595.0704108335,564209.0040116074,601822.9376123812,639436.871213155,677050.8048139288,714664.7384147027,752278.6720154765
Faroe Islands,6.771790359,47814.0,3237.86384225226,64.7572768450452,129.5145536900904,194.27183053513562,259.0291073801808,323.78638422522596,388.54366107027124,453.3009379153164,518.0582147603616,582.8154916054067,647.5727684504519,712.3300452954973,777.0873221405425,841.8445989855876,906.6018758306328,971.3591526756779,1036.1164295207232,1100.8737063657684,1165.6309832108134,1230.3882600558588,1295.1455369009038
Gabon,4.937052655,1624140.0,80184.646990917,1603.6929398183402,3207.3858796366803,4811.0788194550205,6414.771759273361,8018.464699091701,9622.157638910041,11225.85057872838,12829.543518546721,14433.236458365058,16036.929398183402,17640.62233800174,19244.315277820082,20848.008217638417,22451.70115745676,24055.394097275097,25659.087037093443,27262.779976911777,28866.472916730116,30470.165856548458,32073.858796366803
United Kingdom,5.313018364,62766365.0,3334788.498865268,66695.76997730536,133391.53995461072,200087.3099319161,266783.07990922144,333478.8498865268,400174.6198638322,466870.3898411375,533566.1598184429,600261.9297957482,666957.6997730536,733653.4697503591,800349.2397276644,867045.0097049697,933740.779682275,1000436.5496595805,1067132.3196368858,1133828.0896141909,1200523.8595914964,1267219.629568802,1333915.3995461073
Georgia,2.755012502,3786695.0,104323.9206626089,2086.478413252178,4172.956826504356,6259.435239756534,8345.913653008713,10432.39206626089,12518.870479513069,14605.348892765243,16691.827306017425,18778.3057192696,20864.78413252178,22951.26254577396,25037.740959026134,27124.21937227832,29210.697785530487,31297.176198782672,33383.65461203485,35470.133025287025,37556.6114385392,39643.08985179138,41729.56826504356
Ghana,2.622705637,24779619.0,649896.464340123,12997.929286802459,25995.858573604917,38993.787860407385,51991.717147209834,64989.64643401231,77987.57572081477,90985.5050076172,103983.43429441967,116981.36358122213,129979.29286802461,142977.22215482712,155975.15144162948,168973.080728432,181971.0100152344,194968.93930203692,207966.86858883934,220964.7978756418,233962.7271624443,246960.65644924674,259958.58573604922
Gibraltar,29.01155176,33585.0,9743.529658596,194.87059317192,389.74118634384,584.6117795157597,779.4823726876799,974.3529658596001,1169.2235590315195,1364.0941522034398,1558.9647453753598,1753.8353385472794,1948.7059317192002,2143.57652489112,2338.4471180630394,2533.31771123496,2728.1883044068795,2923.0588975788,3117.92949075072,3312.8000839226397,3507.6706770945593,3702.5412702664803,3897.4118634384004
Guinea,6.047043789,10192176.0,616325.3457719486,12326.506915438973,24653.013830877946,36979.52074631691,49306.02766175589,61632.53457719486,73959.04149263383,86285.54840807278,98612.05532351175,110938.56223895072,123265.06915438973,135591.5760698287,147918.08298526765,160244.58990070663,172571.09681614555,184897.60373158453,197224.11064702357,209550.6175624625,221877.1244779015,234203.6313933405,246530.13830877945
"Gambia, The",23.533248763000003,1793196.0,421997.2754881656,8439.945509763309,16879.891019526618,25319.836529289933,33759.782039053236,42199.72754881656,50639.673058579865,59079.618568343176,67519.56407810649,75959.50958786979,84399.45509763312,92839.40060739644,101279.34611715973,109719.29162692305,118159.23713668635,126599.18264644966,135039.12815621294,143479.07366597626,151919.01917573958,160358.96468550293,168798.91019526625
Guinea-Bissau,15.2648231,1522599.0,232422.043872369,4648.4408774473795,9296.881754894759,13945.32263234214,18593.763509789518,23242.2043872369,27890.64526468428,32539.08614213165,37187.527019579036,41835.967897026414,46484.4087744738,51132.849651921184,55781.29052936856,60429.73140681594,65078.17228426331,69726.61316171069,74375.05403915807,79023.49491660544,83671.93579405283,88320.37667150021,92968.8175489476
Equatorial Guinea,0.948750475,943639.0,8952.77949478525,179.05558989570503,358.11117979141005,537.166769687115,716.2223595828201,895.2779494785251,1074.33353937423,1253.389129269935,1432.4447191656402,1611.500309061345,1790.5558989570502,1969.6114888527554,2148.66707874846,2327.722668644165,2506.77825853987,2685.833848435575,2864.8894383312804,3043.945028226985,3223.00061812269,3402.0562080183954,3581.1117979141004
Greece,4.493864291,11121341.0,499777.9718793424,9995.559437586848,19991.11887517369,29986.678312760538,39982.23775034739,49977.79718793424,59973.356625521075,69968.91606310793,79964.47550069478,89960.03493828162,99955.59437586847,109951.15381345533,119946.71325104215,129942.27268862905,139937.83212621586,149933.39156380272,159928.95100138956,169924.5104389764,179920.06987656327,189915.6293141501,199911.18875173695
Grenada,1.885817633,106233.0,2003.3606460648898,40.067212921297795,80.13442584259559,120.20163876389341,160.26885168519118,200.336064606489,240.40327752778683,280.4704904490846,320.53770337038236,360.60491629168024,400.672129212978,440.7393421342759,480.80655505557365,520.8737679768715,560.9409808981692,601.008193819467,641.0754067407647,681.1426196620625,721.2098325833605,761.2770455046582,801.344258425956
Greenland,46.45983384,56905.0,26437.968446652,528.75936893304,1057.51873786608,1586.2781067991198,2115.03747573216,2643.7968446652003,3172.5562135982395,3701.3155825312797,4230.07495146432,4758.83432039736,5287.593689330401,5816.353058263441,6345.112427196479,6873.8717961295215,7402.6311650625585,7931.390533995601,8460.14990292864,8988.90927186168,9517.66864079472,10046.428009727759,10575.1873786608
Guatemala,0.212475456,14630417.0,31086.04523545152,621.7209047090304,1243.4418094180608,1865.162714127091,2486.883618836121,3108.604523545152,3730.325428254182,4352.046332963212,4973.767237672243,5595.488142381273,6217.209047090304,6838.929951799335,7460.650856508364,8082.371761217395,8704.092665926424,9325.813570635457,9947.534475344486,10569.255380053515,11190.976284762546,11812.697189471577,12434.418094180608
Guam,1.248191522,159444.0,1990.16649033768,39.8033298067536,79.60665961350719,119.40998942026079,159.21331922701438,199.016649033768,238.81997884052157,278.6233086472751,318.4266384540288,358.2299682607824,398.033298067536,437.8366278742896,477.63995768104314,517.4432874877967,557.2466172945502,597.0499471013038,636.8532769080575,676.656606714811,716.4599365215648,756.2632663283182,796.0665961350719
Guyana,27.86865105,749436.0,208857.703683078,4177.15407366156,8354.30814732312,12531.46222098468,16708.61629464624,20885.7703683078,25062.92444196936,29240.078515630918,33417.23258929248,37594.386662954035,41771.5407366156,45948.69481027717,50125.84888393872,54303.002957600285,58480.157031261835,62657.3111049234,66834.46517858496,71011.61925224651,75188.77332590807,79365.92739956964,83543.0814732312
Honduras,0.904438698,8317470.0,75226.4173745406,1504.5283474908122,3009.0566949816243,4513.585042472436,6018.113389963249,7522.6417374540615,9027.170084944872,10531.698432435684,12036.226779926497,13540.755127417307,15045.28347490812,16549.811822398933,18054.340169889743,19558.86851738056,21063.396864871367,22567.92521236218,24072.453559852987,25576.981907343798,27081.510254834615,28586.03860232543,30090.56694981624
Croatia,1.84929244,4295427.0,79435.0067767188,1588.7001355343762,3177.4002710687523,4766.100406603128,6354.800542137505,7943.50067767188,9532.200813206256,11120.900948740633,12709.60108427501,14298.301219809386,15887.00135534376,17475.70149087814,19064.401626412517,20653.101761946888,22241.801897481266,23830.50203301564,25419.20216855002,27007.90230408439,28596.60243961877,30185.302575153146,31774.00271068752
Haiti,1.867985623,9949322.0,185851.90454597605,3717.038090919521,7434.076181839042,11151.114272758565,14868.152363678084,18585.190454597607,22302.22854551713,26019.266636436645,29736.304727356168,33453.34281827569,37170.38090919521,40887.419000114736,44604.457091034245,48321.49518195378,52038.53327287329,55755.57136379281,59472.609454712336,63189.647545631844,66906.68563655138,70623.7237274709,74340.76181839043
Indonesia,7.366889765,241834215.0,17815660.033103094,356313.20066206186,712626.4013241237,1068939.6019861856,1425252.8026482475,1781566.0033103097,2137879.2039723718,2494192.4046344333,2850505.605296495,3206818.805958557,3563132.006620619,3919445.207282681,4275758.4079447435,4632071.608606804,4988384.809268867,5344698.009930928,5701011.21059299,6057324.411255051,6413637.611917114,6769950.812579175,7126264.013241238
Isle of Man,3.5157806660000004,84857.0,2983.3859997476206,59.66771999495242,119.33543998990484,179.00315998485726,238.6708799798096,298.33859997476213,358.0063199697145,417.6740399646669,477.3417599596193,537.0094799545717,596.6771999495243,656.3449199444766,716.0126399394288,775.6803599343814,835.3480799293338,895.0157999242862,954.6835199192386,1014.351239914191,1074.0189599091434,1133.686679904096,1193.3543998990485
India,2.664960354,1234281170.0,32893103.837387346,657862.0767477469,1315724.1534954938,1973586.2302432403,2631448.306990988,3289310.3837387343,3947172.4604864814,4605034.537234227,5262896.613981975,5920758.690729721,6578620.767477469,7236482.844225217,7894344.920972963,8552206.99772071,9210069.074468454,9867931.1512162,10525793.22796395,11183655.304711696,11841517.381459445,12499379.45820719,13157241.534954935
Ireland,4.769124671,4560155.0,217479.47714084008,4349.589542816801,8699.179085633603,13048.768628450403,17398.358171267206,21747.94771408401,26097.537256900807,30447.126799717604,34796.71634253441,39146.30588535121,43495.89542816801,47845.48497098481,52195.074513801614,56544.66405661842,60894.253599435215,65243.843142252015,69593.43268506882,73943.02222788561,78292.61177070242,82642.20131351922,86991.79085633603
Iraq,5.811441263,29741976.0,1728437.465695557,34568.74931391114,69137.49862782228,103706.2479417334,138274.99725564456,172843.74656955572,207412.4958834668,241981.24519737798,276549.9945112891,311118.74382520025,345687.49313911144,380256.24245302257,414824.9917669336,449393.7410808448,483962.49039475597,518531.23970866704,553099.9890225782,587668.7383364893,622237.4876504005,656806.2369643117,691374.9862782229
Iceland,7.557741879,318041.0,24036.717849390392,480.7343569878079,961.4687139756157,1442.2030709634234,1922.9374279512315,2403.6717849390398,2884.406141926847,3365.1404989146545,3845.874855902463,4326.60921289027,4807.3435698780795,5288.077926865887,5768.812283853694,6249.546640841501,6730.280997829309,7211.0153548171165,7691.749711804926,8172.4840687927335,8653.21842578054,9133.952782768349,9614.687139756155
Israel,1.565873017,7623600.0,119375.89532401199,2387.51790648024,4775.035812960479,7162.553719440719,9550.071625920958,11937.589532401202,14325.107438881438,16712.625345361674,19100.14325184192,21487.66115832216,23875.179064802403,26262.696971282643,28650.214877762875,31037.73278424312,33425.250690723355,35812.7685972036,38200.28650368384,40587.80441016407,42975.32231664431,45362.84022312456,47750.35812960481
Italy,5.663002316,59277417.0,3356881.4975749776,67137.62995149955,134275.2599029991,201412.88985449864,268550.5198059982,335688.1497574977,402825.7797089973,469963.4096604968,537101.0396119964,604238.6695634959,671376.2995149954,738513.9294664952,805651.5594179946,872789.1893694942,939926.8193209936,1007064.4492724931,1074202.0792239928,1141339.7091754922,1208477.3391269918,1275614.9690784914,1342752.5990299908
Jamaica,3.629412269,2810460.0,102003.1800553374,2040.0636011067481,4080.1272022134963,6120.190803320244,8160.2544044269935,10200.318005533742,12240.381606640489,14280.445207747236,16320.508808853985,18360.57240996073,20400.636011067483,22440.699612174234,24480.763213280978,26520.826814387725,28560.890415494472,30600.95401660122,32641.01761770797,34681.08121881472,36721.144819921465,38761.20842102821,40801.272022134974
Jordan,0.002923437,7261539.0,212.28651789543,4.2457303579086,8.4914607158172,12.7371910737258,16.9829214316344,21.228651789543,25.4743821474516,29.720112505360195,33.9658428632688,38.211573221177396,42.457303579086,46.70303393699461,50.9487642949032,55.19449465281179,59.44022501072039,63.685955368628996,67.9316857265376,72.17741608444621,76.42314644235479,80.6688768002634,84.914607158172
Japan,12.646664686,128070000.0,16196583.4633602,323931.669267204,647863.338534408,971795.007801612,1295726.677068816,1619658.3463360204,1943590.015603224,2267521.684870428,2591453.354137632,2915385.023404836,3239316.692672041,3563248.3619392444,3887180.031206448,4211111.700473652,4535043.369740856,4858975.03900806,5182906.708275264,5506838.377542468,5830770.046809671,6154701.716076876,6478633.385344082
Kenya,0.411611072,42030676.0,173002.9160524467,3460.0583210489335,6920.116642097867,10380.174963146801,13840.233284195734,17300.291605244667,20760.349926293602,24220.408247342533,27680.466568391468,31140.52488944041,34600.583210489334,38060.641531538284,41520.699852587204,44980.75817363615,48440.81649468507,51900.874815734016,55360.933136782936,58820.99145783188,62281.04977888081,65741.10809992974,69201.16642097867
Cambodia,7.186617095,14312212.0,1028563.8742646414,20571.27748529283,41142.55497058566,61713.83245587847,82285.10994117132,102856.38742646416,123427.66491175695,143998.94239704974,164570.21988234264,185141.49736763546,205712.77485292827,226284.05233822114,246855.3298235139,267426.6073088068,287997.88479409955,308569.16227939236,329140.4397646853,349711.71724997804,370282.9947352709,390854.27222056367,411425.54970585654
Kiribati,20.570596352,102927.0,21172.69770722304,423.45395414446085,846.9079082889215,1270.3618624333822,1693.815816577843,2117.269770722304,2540.7237248667643,2964.177679011225,3387.631633155686,3811.0855873001465,4234.539541444608,4657.993495589069,5081.447449733529,5504.90140387799,5928.35535802245,6351.809312166911,6775.263266311372,7198.717220455833,7622.171174600293,8045.625128744753,8469.079082889215
Kuwait,17.403554362,2991884.0,520694.1583879801,10413.883167759604,20827.766335519205,31241.649503278808,41655.53267103841,52069.415838798006,62483.299006557616,72897.1821743172,83311.06534207682,93724.94850983642,104138.83167759604,114552.71484535564,124966.59801311526,135380.48118087483,145794.3643486344,156208.24751639404,166622.13068415364,177036.01385191325,187449.89701967285,197863.78018743245,208277.66335519202
Lebanon,4.127785969,4953061.0,204451.75699401106,4089.035139880221,8178.070279760444,12267.105419640662,16356.140559520883,20445.17569940111,24534.210839281324,28623.245979161544,32712.281119041767,36801.31625892199,40890.35139880222,44979.38653868244,49068.42167856265,53157.45681844288,57246.49195832309,61335.52709820331,65424.562238083534,69513.59737796376,73602.63251784397,77691.6676577242,81780.70279760442
Liberia,6.375477155,3891356.0,248092.51279972176,4961.8502559944345,9923.70051198887,14885.550767983303,19847.40102397774,24809.251279972177,29771.101535966613,34732.951791961044,39694.80204795548,44656.65230394992,49618.502559944354,54580.352815938786,59542.203071933225,64504.053327927664,69465.90358392209,74427.75383991652,79389.60409591098,84351.4543519054,89313.30460789983,94275.15486389428,99237.00511988874
Libya,6.16815273,6197663.0,382281.3195306999,7645.6263906139975,15291.252781227995,22936.879171842003,30582.505562455997,38228.131953069984,45873.758343683985,53519.384734297986,61165.011124911995,68810.63751552599,76456.26390613997,84101.89029675399,91747.51668736797,99393.14307798198,107038.76946859596,114684.39585920998,122330.02224982395,129975.64864043795,137621.27503105198,145266.90142166597,152912.52781227994
Sri Lanka,2.979647308,20261737.0,603728.30107454,12074.5660214908,24149.1320429816,36223.6980644724,48298.2640859632,60372.830107454014,72447.3961289448,84521.96215043559,96596.5281719264,108671.0941934172,120745.66021490801,132820.22623639886,144894.7922578896,156969.3582793804,169043.92430087118,181118.490322362,193193.0563438528,205267.6223653436,217342.1883868344,229416.75440832519,241491.32042981606
Lithuania,2.868113534,3097282.0,88833.56422814589,1776.6712845629174,3553.342569125836,5330.013853688753,7106.685138251672,8883.356422814591,10660.027707377503,12436.698991940422,14213.37027650334,15990.04156106626,17766.712845629183,19543.3841301921,21320.05541475501,23096.72669931793,24873.397983880845,26650.069268443764,28426.740553006686,30203.411837569598,31980.08312213252,33756.754406695436,35533.425691258366
Latvia,17.296481659,2097555.0,362803.2158624375,7256.06431724875,14512.1286344975,21768.19295174625,29024.257268995,36280.32158624375,43536.3859034925,50792.45022074125,58048.51453799,65304.57885523874,72560.6431724875,79816.70748973626,87072.771806985,94328.83612423377,101584.90044148247,108840.96475873124,116097.02907598,123353.09339322874,130609.15771047748,137865.22202772624,145121.286344975
Morocco,1.3803542359999998,32343389.0,446453.340127458,8929.06680254916,17858.13360509832,26787.20040764748,35716.26721019664,44645.3340127458,53574.40081529496,62503.46761784411,71432.53442039328,80361.60122294244,89290.6680254916,98219.73482804078,107148.80163058992,116077.86843313908,125006.93523568822,133936.00203823738,142865.06884078655,151794.1356433357,160723.20244588488,169652.26924843402,178581.3360509832
Monaco,25.261281696999998,35612.0,8996.047637935639,179.92095275871282,359.84190551742563,539.7628582761383,719.683811034851,899.604763793564,1079.5257165522767,1259.4466693109896,1439.3676220697025,1619.288574828415,1799.209527587128,1979.1304803458409,2159.0514331045533,2338.972385863266,2518.893338621979,2698.8142913806914,2878.735244139405,3058.6561968981173,3238.57714965683,3418.498102415543,3598.419055174256
Madagascar,1.663527942,21151640.0,351863.44159124885,7037.268831824976,14074.537663649951,21111.806495474928,28149.075327299903,35186.344159124885,42223.612990949856,49260.881822774834,56298.150654599805,63335.41948642478,70372.68831824974,77409.95715007474,84447.22598189971,91484.49481372467,98521.76364554962,105559.03247737463,112596.30130919961,119633.57014102457,126670.83897284955,133708.10780467454,140745.37663649948
Maldives,48.23643801,365734.0,176417.0541914934,3528.3410838298682,7056.682167659737,10585.023251489605,14113.364335319473,17641.70541914934,21170.04650297921,24698.387586809076,28226.728670638946,31755.06975446881,35283.41083829868,38811.75192212856,42340.09300595841,45868.434089788294,49396.77517361815,52925.11625744802,56453.45734127789,59981.79842510775,63510.13950893762,67038.48059276749,70566.82167659736
Mexico,1.580045429,114092963.0,1802720.6466921612,36054.41293384323,72108.82586768646,108163.23880152967,144217.65173537293,180272.06466921614,216326.47760305935,252380.89053690262,288435.30347074586,324489.7164045891,360544.1293384323,396598.5422722756,432652.9552061188,468707.368139962,504761.78107380524,540816.1940076484,576870.6069414917,612925.0198753348,648979.4328091781,685033.8457430213,721088.2586768647
Marshall Islands,35.86786808,56366.0,20217.2825219728,404.34565043945605,808.6913008789121,1213.036951318368,1617.3826017578242,2021.72825219728,2426.073902636736,2830.419553076192,3234.7652035156484,3639.1108539551037,4043.45650439456,4447.802154834017,4852.147805273472,5256.493455712928,5660.839106152384,6065.18475659184,6469.530407031297,6873.87605747075,7278.221707910207,7682.5673583496655,8086.913008789121
Malta,2.260840934,414508.0,9371.36653870472,187.4273307740944,374.8546615481888,562.2819923222831,749.7093230963776,937.136653870472,1124.5639846445663,1311.9913154186604,1499.4186461927552,1686.8459769668493,1874.273307740944,2061.700638515039,2249.1279692891326,2436.555300063228,2623.982630837321,2811.409961611416,2998.8372923855104,3186.2646231596045,3373.6919539336986,3561.1192847077937,3748.546615481888
Northern Mariana Islands,1.85220231,53971.0,999.6521087300999,19.993042174602,39.986084349204,59.979126523806,79.972168698408,99.96521087301001,119.958253047612,139.951295222214,159.944337396816,179.93737957141795,199.93042174602002,219.92346392062203,239.916506095224,259.909548269826,279.902590444428,299.89563261903,319.888674793632,339.88171696823395,359.874759142836,379.86780131743797,399.86084349204003
Mozambique,5.245980947,23531574.0,1234461.8885692055,24689.237771384112,49378.47554276823,74067.71331415232,98756.95108553645,123446.18885692055,148135.42662830465,172824.66439968874,197513.9021710729,222203.139942457,246892.3777138411,271581.61548522534,296270.8532566093,320960.09102799353,345649.3287993775,370338.56657076173,395027.8043421458,419717.04211352987,444406.279884914,469095.5176562981,493784.75542768225
Mauritania,19.121078363,3494195.0,668127.7641060278,13362.555282120557,26725.110564241117,40087.66584636166,53450.22112848223,66812.77641060278,80175.33169272332,93537.88697484387,106900.44225696444,120262.997539085,133625.55282120555,146988.10810332614,160350.66338544665,173713.21866756724,187075.77394968775,200438.32923180837,213800.8845139289,227163.43979604944,240525.99507817,253888.55036029054,267251.1056424111
Mauritius,1.4132025419999998,1250400.0,17670.684585167997,353.41369170336,706.82738340672,1060.2410751100797,1413.65476681344,1767.0684585167999,2120.4821502201594,2473.89584192352,2827.30953362688,3180.723225330239,3534.1369170335997,3887.5506087369604,4240.964300440319,4594.37799214368,4947.791683847039,5301.205375550399,5654.61906725376,6008.032758957119,6361.446450660478,6714.860142363839,7068.2738340671995
Malaysia,5.098261202,28208035.0,1438119.304251581,28762.386085031616,57524.772170063225,86287.15825509484,115049.54434012645,143811.93042515812,172574.31651018967,201336.7025952213,230099.0886802529,258861.47476528448,287623.86085031624,316386.2469353478,345148.6330203793,373911.019105411,402673.4051904426,431435.79127547424,460198.1773605058,488960.5634455374,517722.94953056896,546485.3356156007,575247.7217006325
Namibia,1.089542897,2118874.0,23086.04116337978,461.7208232675956,923.4416465351912,1385.162469802787,1846.8832930703825,2308.6041163379778,2770.324939605573,3232.0457628731688,3693.766586140765,4155.487409408362,4617.2082326759555,5078.929055943552,5540.649879211148,6002.370702478744,6464.0915257463375,6925.812349013934,7387.53317228153,7849.253995549125,8310.974818816721,8772.695642084316,9234.416465351911
New Caledonia,13.99765205,249750.0,34959.135994875,699.1827198975,1398.365439795,2097.5481596925,2796.73087959,3495.9135994875,4195.096319384998,4894.279039282499,5593.46175918,6292.6444790774985,6991.827198974999,7691.0099188725,8390.192638769999,9089.3753586675,9788.558078564998,10487.7407984625,11186.92351836,11886.106238257498,12585.288958155,13284.471678052498,13983.654397949998
Nigeria,2.667120246,158503197.0,4227470.8577442635,84549.41715488529,169098.83430977058,253648.25146465586,338197.6686195412,422747.08577442646,507296.5029293117,591845.9200841971,676395.3372390823,760944.7543939677,845494.1715488529,930043.5887037384,1014593.0058586234,1099142.4230135088,1183691.8401683941,1268241.2573232793,1352790.6744781646,1437340.0916330498,1521889.5087879354,1606438.9259428203,1690988.3430977059
Nicaragua,0.8545282340000001,5824065.0,49768.27979151211,995.3655958302423,1990.7311916604847,2986.0967874907265,3981.4623833209694,4976.827979151211,5972.193574981453,6967.559170811695,7962.924766641939,8958.29036247218,9953.655958302425,10949.021554132663,11944.387149962906,12939.75274579315,13935.11834162339,14930.483937453633,15925.849533283877,16921.215129114116,17916.58072494436,18911.9463207746,19907.311916604845
Netherlands,58.506164788,16615394.0,9721029.793815466,194420.59587630926,388841.1917526185,583261.787628928,777682.3835052373,972102.9793815466,1166523.575257856,1360944.171134165,1555364.7670104746,1749785.3628867837,1944205.9587630928,2138626.5546394032,2333047.150515712,2527467.746392021,2721888.34226833,2916308.93814464,3110729.5340209487,3305150.1298972582,3499570.7257735673,3693991.321649877,3888411.9175261855
Norway,3.85093944,4889252.0,188282.1335889888,3765.642671779776,7531.285343559552,11296.928015339328,15062.570687119103,18828.213358898884,22593.856030678657,26359.498702458433,30125.141374238214,33890.78404601799,37656.42671779777,41422.06938957754,45187.71206135731,48953.35473313709,52718.99740491687,56484.64007669664,60250.28274847643,64015.92542025618,67781.56809203597,71547.21076381575,75312.85343559553
Nauru,7.613074012999999,10005.0,761.68805500065,15.233761100013002,30.467522200026004,45.701283300038995,60.93504440005201,76.168805500065,91.40256660007799,106.636327700091,121.87008880010401,137.10384990011698,152.33761100013,167.57137210014304,182.80513320015598,198.038894300169,213.272655400182,228.506416500195,243.74017760020803,258.97393870022097,274.20769980023397,289.441460900247,304.67522200026
New Zealand,4.232579488,4350700.0,184146.835784416,3682.9367156883195,7365.873431376639,11048.810147064958,14731.746862753278,18414.6835784416,22097.620294129923,25780.557009818232,29463.493725506556,33146.430441194876,36829.3671568832,40512.303872571516,44195.24058825983,47878.17730394816,51561.11401963647,55244.05073532479,58926.98745101311,62609.92416670143,66292.86088238975,69975.79759807808,73658.7343137664
Oman,5.652352959,3041434.0,171912.58469503204,3438.251693900641,6876.503387801282,10314.755081701922,13753.006775602564,17191.258469503206,20629.510163403844,24067.761857304482,27506.013551205127,30944.265245105766,34382.51693900641,37820.768632907064,41259.02032680769,44697.27202070833,48135.523714608964,51573.77540850961,55012.027102410255,58450.278796310886,61888.530490211524,65326.78218411218,68765.03387801282
Pakistan,1.064888293,179424641.0,1910671.996766278,38213.439935325565,76426.87987065113,114640.31980597667,152853.75974130226,191067.19967662785,229280.6396119533,267494.07954727893,305707.5194826045,343920.95941793005,382134.39935325563,420347.83928858116,458561.2792239067,496774.7191592323,534988.1590945577,573201.5990298834,611415.038965209,649628.4789005346,687841.9188358601,726055.3587711856,764268.7987065113
Panama,3.009577053,3642687.0,109629.4720646141,2192.589441292282,4385.178882584564,6577.768323876846,8770.357765169128,10962.947206461413,13155.536647753692,15348.126089045973,17540.715530338257,19733.30497163054,21925.894412922826,24118.48385421511,26311.073295507384,28503.662736799666,30696.252178091945,32888.841619384235,35081.431060676514,37274.020501968786,39466.60994326108,41659.199384553365,43851.78882584565
Peru,0.915312205,29027674.0,265693.8429496117,5313.876858992235,10627.75371798447,15941.630576976702,21255.50743596894,26569.384294961168,31883.261153953405,37197.13801294564,42511.01487193788,47824.89173093012,53138.768589922336,58452.64544891457,63766.52230790682,69080.39916689905,74394.27602589127,79708.15288488353,85022.02974387576,90335.90660286797,95649.78346186024,100963.66032085245,106277.53717984467
Philippines,5.651287935,93966780.0,5310333.301047993,106206.66602095986,212413.33204191973,318619.99806287955,424826.66408383945,531033.3301047994,637239.9961257591,743446.6621467189,849653.3281676789,955859.9941886386,1062066.6602095987,1168273.3262305586,1274479.9922515182,1380686.6582724785,1486893.324293438,1593099.9903143975,1699306.6563353578,1805513.3223563172,1911719.9883772773,2017926.6543982371,2124133.320419197
Palau,3.4539163260000003,17955.0,620.1506763333001,12.403013526666006,24.806027053332013,37.209040579998,49.61205410666401,62.01506763333001,74.418081159996,86.82109468666201,99.22410821332802,111.627121739994,124.03013526666004,136.43314879332604,148.836162319992,161.23917584665804,173.64218937332402,186.04520289999002,198.44821642665605,210.851229953322,223.254243479988,235.65725700665402,248.06027053332005
Papua New Guinea,0.487487608,7310507.0,35637.815706972564,712.7563141394511,1425.5126282789022,2138.268942418353,2851.0252565578044,3563.781570697256,4276.537884836706,4989.2941989761575,5702.050513115609,6414.80682725506,7127.563141394512,7840.319455533962,8553.075769673413,9265.832083812866,9978.588397952315,10691.344712091766,11404.101026231216,12116.857340370669,12829.61365451012,13542.369968649573,14255.126282789024
Poland,1.747105451,38042794.0,664647.727686701,13292.954553734022,26585.909107468044,39878.863661202064,53171.81821493609,66464.7727686701,79757.72732240411,93050.68187613813,106343.63642987217,119636.59098360618,132929.5455373402,146222.50009107427,159515.45464480825,172808.40919854227,186101.36375227626,199394.3183060103,212687.27285974435,225980.22741347828,239273.18196721235,252566.1365209464,265859.0910746804
Puerto Rico,8.912764476,3721525.0,331690.758165459,6633.815163309178,13267.630326618359,19901.445489927537,26535.260653236717,33169.0758165459,39802.890979855074,46436.70614316425,53070.521306473434,59704.33646978262,66338.1516330918,72971.96679640099,79605.78195971015,86239.59712301934,92873.4122863285,99507.22744963768,106141.04261294687,112774.85777625606,119408.67293956524,126042.4881028744,132676.3032661836
Portugal,3.625957936,10573100.0,383376.15853121603,7667.523170624321,15335.046341248642,23002.56951187296,30670.092682497285,38337.615853121606,46005.13902374592,53672.662194370234,61340.18536499457,69007.70853561888,76675.23170624321,84342.75487686753,92010.27804749184,99677.80121811618,107345.32438874047,115012.8475593648,122680.37072998914,130347.89390061346,138015.41707123775,145682.94024186212,153350.46341248642
French Polynesia,4.969231945,266455.0,13240.766979049751,264.815339580995,529.6306791619901,794.446018742985,1059.2613583239802,1324.076697904975,1588.89203748597,1853.7073770669647,2118.5227166479604,2383.338056228955,2648.15339580995,2912.968735390945,3177.78407497194,3442.5994145529353,3707.4147541339294,3972.230093714925,4237.045433295921,4501.860772876916,4766.67611245791,5031.491452038905,5296.3067916199
Qatar,12.829071302000001,1856327.0,238149.51442827762,4762.990288565551,9525.980577131102,14288.970865696652,19051.961154262204,23814.951442827758,28577.941731393305,33340.932019958855,38103.922308524416,42866.91259708996,47629.902885655516,52392.89317422106,57155.88346278661,61918.87375135218,66681.86403991771,71444.85432848327,76207.84461704883,80970.83490561436,85733.82519417992,90496.81548274547,95259.80577131103
Romania,1.951499931,20246871.0,395117.67359465896,7902.353471893181,15804.70694378636,23707.06041567954,31609.41388757272,39511.76735946591,47414.12083135908,55316.47430325227,63218.82777514544,71121.18124703862,79023.53471893181,86925.88819082499,94828.24166271817,102730.59513461133,110632.94860650453,118535.3020783977,126437.65555029087,134340.0090221841,142242.36249407724,150144.71596597042,158047.06943786365
Saudi Arabia,5.199340855,27421461.0,1425735.2248108916,28514.704496217837,57029.408992435674,85544.11348865349,114058.81798487133,142573.52248108914,171088.22697730694,199602.9314735248,228117.6359697427,256632.3404659605,285147.04496217833,313661.7494583961,342176.45395461394,370691.1584508319,399205.8629470496,427720.5674432673,456235.27193948533,484749.9764357031,513264.680931921,541779.3854281388,570294.0899243567
Sudan,0.303605574,34545013.0,104880.58500702461,2097.6117001404928,4195.2234002809855,6292.8351004214755,8390.446800561971,10488.058500702462,12585.670200842951,14683.281900983446,16780.893601123942,18878.505301264428,20976.117001404924,23073.728701545417,25171.340401685902,27268.952101826402,29366.56380196689,31464.175502107384,33561.787202247884,35659.39890238836,37757.010602528855,39854.62230266936,41952.23400280985
Senegal,10.057576524,12678148.0,1275114.4369259756,25502.288738519517,51004.577477039034,76506.86621555852,102009.15495407804,127511.44369259756,153013.73243111707,178516.02116963657,204018.30990815608,229520.5986466756,255022.88738519512,280525.17612371466,306027.4648622341,331529.7536007537,357032.04233927315,382534.33107779274,408036.61981631216,433538.9085548317,459041.1972933512,484543.4860318707,510045.77477039024
Singapore,10.332070593,5076732.0,524531.5340574207,10490.630681148414,20981.261362296827,31471.892043445238,41962.522724593655,52453.15340574207,62943.784086890475,73434.41476803889,83925.04544918731,94415.67613033572,104906.30681148414,115396.93749263255,125887.56817378095,136378.1988549294,146868.82953607774,157359.46021722618,167850.09089837462,178340.721579523,188831.35226067144,199321.98294181985,209812.6136229683
Solomon Islands,2.8567973280000003,527861.0,15079.91894355408,301.5983788710816,603.1967577421632,904.7951366132448,1206.3935154843264,1507.9918943554082,1809.5902732264897,2111.1886520975713,2412.7870309686527,2714.3854098397346,3015.9837887108165,3317.582167581899,3619.1805464529793,3920.778925324061,4222.377304195143,4523.975683066225,4825.5740619373055,5127.172440808386,5428.770819679469,5730.36919855055,6031.967577421633
Sierra Leone,3.787063953,6415634.0,242964.16257041198,4859.28325140824,9718.56650281648,14577.849754224719,19437.13300563296,24296.4162570412,29155.699508449437,34014.98275985768,38874.26601126592,43733.54926267416,48592.8325140824,53452.11576549066,58311.399016898875,63170.68226830713,68029.96551971536,72889.2487711236,77748.53202253184,82607.81527394008,87467.09852534832,92326.38177675656,97185.6650281648
El Salvador,0.496987593,6183875.0,30733.091516628745,614.6618303325748,1229.32366066515,1843.9854909977246,2458.6473213303,3073.3091516628747,3687.970981995449,4302.632812328025,4917.2946426606,5531.9564729931735,6146.618303325749,6761.280133658325,7375.941963990898,7990.603794323474,8605.265624656047,9219.927454988625,9834.5892853212,10449.251115653771,11063.912945986347,11678.574776318923,12293.236606651499
Somalia,2.5002989,12043883.0,301133.07416628697,6022.66148332574,12045.32296665148,18067.98444997722,24090.64593330296,30113.307416628697,36135.96889995444,42158.63038328017,48181.29186660592,54203.95334993165,60226.614833257394,66249.27631658314,72271.93779990888,78294.59928323461,84317.26076656034,90339.92224988608,96362.58373321184,102385.24521653756,108407.9066998633,114430.56818318904,120453.2296665148
Sao Tome and Principe,1.320859447,180371.0,2382.4473931483703,47.648947862967404,95.29789572593481,142.94684358890225,190.59579145186962,238.24473931483703,285.89368717780445,333.5426350407718,381.19158290373935,428.8405307667066,476.48947862967407,524.1384264926415,571.7873743556089,619.4363222185763,667.0852700815436,714.7342179445111,762.3831658074787,810.0321136704457,857.6810615334132,905.3300093963808,952.978957259348
Suriname,56.188497571999996,529131.0,297310.7590876993,5946.215181753985,11892.43036350797,17838.645545261956,23784.86072701594,29731.075908769933,35677.29109052391,41623.506272277904,47569.72145403188,53515.93663578587,59462.15181753987,65408.366999293845,71354.58218104782,77300.79736280182,83247.01254455581,89193.22772630976,95139.44290806376,101085.65808981775,107031.87327157172,112978.08845332572,118924.30363507973
Slovenia,0.756482579,2048583.0,15497.17351135557,309.94347022711133,619.8869404542227,929.8304106813341,1239.7738809084453,1549.717351135557,1859.6608213626682,2169.60429158978,2479.5477618168907,2789.4912320440026,3099.434702271114,3409.378172498226,3719.321642725337,4029.265112952448,4339.208583179558,4649.15205340667,4959.095523633781,5269.038993860893,5578.982464088005,5888.925934315116,6198.869404542228
Sweden,3.736961839,9378126.0,350456.98983333714,7009.139796666743,14018.279593333486,21027.419390000232,28036.559186666967,35045.698983333714,42054.838780000464,49063.978576667185,56073.118373333935,63082.258170000685,70091.39796666743,77100.53776333419,84109.67756000091,91118.81735666766,98127.95715333437,105137.09695000113,112146.23674666787,119155.37654333461,126164.51634000134,133173.6561366681,140182.79593333486
Seychelles,16.637164547,89770.0,14935.182613841902,298.70365227683806,597.4073045536761,896.110956830514,1194.8146091073522,1493.5182613841903,1792.221913661028,2090.925565937866,2389.6292182147045,2688.332870491542,2987.0365227683806,3285.740175045219,3584.443827322056,3883.147479598895,4181.851131875732,4480.55478415257,4779.258436429409,5077.9620887062465,5376.665740983084,5675.3693932599235,5974.073045536761
Turks and Caicos Islands,48.35395845,32660.0,15792.40282977,315.8480565954,631.6961131908,947.5441697862,1263.3922263816,1579.240282977,1895.0883395724,2210.9363961678,2526.7844527632,2842.6325093585997,3158.480565954,3474.328622549401,3790.1766791448,4106.0247357402,4421.8727923356,4737.720848931,5053.5689055264,5369.4169621218,5685.265018717199,6001.1130753126,6316.961131908
Togo,3.610001126,6421679.0,231822.68420810555,4636.453684162111,9272.907368324222,13909.361052486332,18545.814736648445,23182.26842081056,27818.722104972665,32455.17578913477,37091.62947329689,41728.083157459,46364.53684162111,51000.99052578323,55637.44420994533,60273.89789410745,64910.351578269554,69546.80526243166,74183.25894659378,78819.71263075588,83456.166314918,88092.61999908011,92729.07368324224
Thailand,10.341856384,67195028.0,6949213.292948588,138984.26585897175,277968.5317179435,416952.79757691524,555937.063435887,694921.3292948586,833905.5951538305,972889.861012802,1111874.126871774,1250858.3927307457,1389842.6585897177,1528826.924448689,1667811.190307661,1806795.4561666327,1945779.722025604,2084763.987884576,2223748.253743548,2362732.5196025195,2501716.785461491,2640701.051320463,2779685.317179435
Timor-Leste,0.9350375,1093523.0,10224.850121125,204.4970024225,408.994004845,613.4910072674999,817.9880096899999,1022.4850121125,1226.9820145349995,1431.4790169574994,1635.9760193799998,1840.4730218025,2044.970024225,2249.4670266475,2453.9640290699995,2658.4610314925,2862.9580339149993,3067.4550363375,3271.95203876,3476.4490411824986,3680.946043605,3885.443046027499,4089.94004845
Tonga,7.528864138999999,103986.0,7828.964663580539,156.57929327161082,313.15858654322165,469.73787981483235,626.3171730864433,782.896466358054,939.4757596296647,1096.055052901275,1252.6343461728866,1409.2136394444972,1565.792932716108,1722.3722259877188,1878.9515192593292,2035.53081253094,2192.11010580255,2348.689399074162,2505.268692345773,2661.847985617383,2818.4272788889944,2975.0065721606047,3131.585865432216
Trinidad and Tobago,2.9072162610000003,1328147.0,38612.10555398368,772.2421110796735,1544.484222159347,2316.7263332390203,3088.968444318694,3861.210555398368,4633.452666478041,5405.694777557715,6177.936888637388,6950.178999717061,7722.421110796735,8494.66322187641,9266.905332956081,10039.147444035756,10811.38955511543,11583.631666195102,12355.873777274775,13128.115888354449,13900.357999434122,14672.600110513797,15444.84222159347
Tunisia,8.515590236,10635244.0,905653.7996387758,18113.07599277552,36226.15198555104,54339.22797832653,72452.30397110207,90565.37996387758,108678.45595665307,126791.5319494286,144904.60794220414,163017.68393497964,181130.7599277552,199243.8359205307,217356.91191330613,235469.98790608172,253583.0638988572,271696.1398916327,289809.2158844083,307922.2918771837,326035.3678699593,344148.4438627348,362261.5198555103
Turkey,1.7558726919999998,72326988.0,1269969.831238117,25399.396624762343,50798.793249524686,76198.18987428703,101597.58649904936,126996.98312381172,152396.37974857405,177795.77637333635,203195.17299809874,228594.5696228611,253993.96624762344,279393.36287238577,304792.7594971481,330192.1561219105,355591.5527466728,380990.9493714351,406390.3459961975,431789.74262095976,457189.1392457222,482588.53587048454,507987.9324952469
Tuvalu,47.46696097,10530.0,4998.270990141001,99.96541980282001,199.93083960564002,299.89625940846,399.86167921128015,499.8270990141001,599.79251881692,699.75793861974,799.7233584225603,899.6887782253801,999.6541980282002,1099.6196178310204,1199.58503763384,1299.5504574366605,1399.51587723948,1499.4812970423002,1599.4467168451206,1699.41213664794,1799.3775564507605,1899.34297625358,1999.3083960564004
Tanzania,0.71018394,44346525.0,314941.898498085,6298.837969961701,12597.675939923402,18896.5139098851,25195.351879846803,31494.1898498085,37793.0278197702,44091.865789731884,50390.703759693606,56689.541729655284,62988.379699617,69287.2176695787,75586.0556395404,81884.89360950209,88183.73157946377,94482.56954942548,100781.40751938721,107080.24548934886,113379.08345931057,119677.92142927226,125976.759399234
Ukraine,1.800944464,45870700.0,826105.8322480479,16522.116644960963,33044.233289921925,49566.34993488288,66088.46657984385,82610.58322480481,99132.69986976575,115654.81651472671,132176.9331596877,148699.04980464865,165221.16644960962,181743.2830945706,198265.39973953148,214787.5163844925,231309.63302945343,247831.7496744144,264353.8663193754,280875.9829643363,297398.0996092973,313920.21625425824,330442.33289921924
Uruguay,4.1140187930000005,3359275.0,138201.20480855074,2764.024096171016,5528.048192342031,8292.072288513044,11056.096384684062,13820.120480855076,16584.14457702609,19348.168673197106,22112.192769368125,24876.216865539136,27640.240961710155,30404.265057881174,33168.28915405218,35932.313250223204,38696.33734639421,41460.36144256523,44224.38553873625,46988.409634907264,49752.43373107827,52516.457827249294,55280.48192342031
United States,2.512555129,309326085.0,7771988.414002399,155439.76828004798,310879.536560096,466319.304840144,621759.0731201919,777198.84140024,932638.609680288,1088078.3779603357,1243518.146240384,1398957.9145204318,1554397.68280048,1709837.451080528,1865277.219360576,2020716.9876406242,2176156.7559206714,2331596.52420072,2487036.292480768,2642476.060760816,2797915.829040864,2953355.597320912,3108795.36560096
British Virgin Islands,12.011593162,27794.0,3338.50220344628,66.7700440689256,133.5400881378512,200.3101322067768,267.0801762757024,333.85022034462804,400.6202644135536,467.39030848247916,534.1603525514048,600.9303966203304,667.7004406892561,734.4704847581818,801.2405288271071,868.0105728960327,934.7806169649583,1001.550661033884,1068.3207051028096,1135.0907491717348,1201.8607932406608,1268.6308373095865,1335.4008813785122
Vietnam,36.971831991,87967651.0,32523252.134149235,650465.0426829847,1300930.0853659695,1951395.128048954,2601860.170731939,3252325.2134149238,3902790.256097908,4553255.298780892,5203720.341463878,5854185.384146863,6504650.4268298475,7155115.469512832,7805580.512195816,8456045.554878801,9106510.597561784,9756975.64024477,10407440.682927756,11057905.72561074,11708370.768293725,12358835.81097671,13009300.853659695
Vanuatu,1.176430145,236211.0,2778.8574098059503,55.577148196119005,111.15429639223801,166.73144458835702,222.30859278447602,277.885740980595,333.46288917671404,389.040037372833,444.61718556895204,500.194333765071,555.77148196119,611.3486301573091,666.9257783534281,722.5029265495469,778.080074745666,833.6572229417851,889.2343711379041,944.8115193340229,1000.388667530142,1055.965815726261,1111.54296392238
Samoa,1.44459699,185949.0,2686.2136569351,53.724273138702,107.448546277404,161.172819416106,214.897092554808,268.62136569351003,322.345638832212,376.069911970914,429.794185109616,483.51845824831804,537.2427313870201,590.9670045257221,644.691277664424,698.415550803126,752.1398239418279,805.86409708053,859.588370219232,913.312643357934,967.0369164966361,1020.7611896353379,1074.4854627740401
South Africa,0.164518301,51216964.0,84261.27899658165,1685.225579931633,3370.451159863266,5055.6767397949,6740.902319726532,8426.127899658166,10111.3534795898,11796.579059521431,13481.804639453065,15167.030219384695,16852.255799316332,18537.481379247965,20222.7069591796,21907.93253911123,23593.158119042862,25278.38369897449,26963.609278906133,28648.834858837763,30334.060438769393,32019.286018701026,33704.511598632664
